1111111111,admin,admin,Lý Thanh Tùng,lythanhtung.work@gmail.com,0777275345,Thừa Thiên Huế,ADMIN,2022-09-08T09:55:47.529Z,2022-09-17T15:49:35.349Z
1662630948,nguyenthanhtung-user,User123456@,Nguyễn Thanh Tùng,nguyenthanhtung@gmail.com,0777275333,Đà Nẵng,USER,2022-09-08T09:55:47.632Z,2022-09-14T09:15:00.877Z
1662644999,nguyenvancanh-user,User123456@,Nguyễn Văn Cảnh,tung@gmail.com,0234256780,Hà Nội,USER,2022-09-08T13:51:11.049Z,2022-09-15T03:55:16.478Z
1662706934,loc-shadow,User123456@,Lê Bá Lộc,loc@gmail.com,0905123123,Thừa Thiên Huế,USER,2022-09-09T07:02:46.006Z,2022-09-17T15:49:53.139Z
1662712260,binh-gold1,User123456@,Lý Thanh Bình,lythanhbinh1@codegym.com,0777222336,Quảng Trị,USER,2022-09-09T08:31:59.930Z,2022-09-16T14:18:23.500Z
1662712262,hieuvinh-user,User123456@,Hiếu Vinh,hieuvinh2@codegym.com,0777222337,Quảng Bình,USER,2022-09-09T08:31:59.930Z,2022-09-13T04:06:46.658Z
1662712263,binh-gold3,User123456@,Trần Hải Hòa,tranhaihoa3@codegym.com,0777222338,Quảng Trị,USER,2022-09-09T08:31:59.930Z,2022-09-13T04:06:58.900Z
1663136849,lythanhhieu152,Hieu@123123,Lý Thanh Hiếu,lythanhhieu@gmail.com,0777275344,Thừa Thiên Huế,ADMIN,2022-09-14T06:29:30.835Z,null
1663214002,usertest1,User123456@  ,Trần Hải Bình,haibinh@phone.com,0768564233,Thừa Thiên Huế,USER,2022-09-15T03:54:35.357Z,2022-09-17T15:50:07.197Z
